{
  "fault": {
    "x": [
      -20000.0,
      20000.0
    ],
    "y": [
      -100000.0,
      100000.0
    ]
  },
  "hf": {
    "q": [
      62.28211103085083,
      50.03323278591554,
      43.171716158025205,
      51.5332440151537,
      59.22049748053608,
      62.885823414491085,
      58.80844174706294,
      61.357885414282585,
      48.442027355758924,
      54.32693302043522,
      64.77449687269461,
      61.42619023130922,
      60.867632410819695,
      81.36507601064324,
      75.87154094640628
    ],
    "x": [
      -5197.800026646204,
      -18219.497812603913,
      -44372.98930367889,
      47479.89803062057,
      -7806.250218361665,
      -16043.14693777441,
      -19265.71865664124,
      34815.64927889389,
      4624.023179459602,
      22476.511575937984,
      10364.323063585478,
      -4677.581263818264,
      11795.089798304782,
      -22341.078765404265,
      558.3675699674884
    ],
    "y": [
      15782.417248338743,
      47023.618189998815,
      17003.431724539576,
      4710.989692112588,
      -35119.53040835435,
      22132.813761876037,
      7303.804125620916,
      49102.29617735417,
      -36352.39986147054,
      7455.583010179978,
      11381.78849123187,
      47223.93179544734,
      32501.983011220702,
      7324.89879710031,
      28847.79005512794
    ]
  }
}